email,matkhau,ten,ho,tenhienthi,dcemail,matkhauhientai,matkhaumoi,nhaplaimk,ketquamongdoi
HoangMinhNguyet110122277@gmail.com,1424Nguyet*,Nguyệt,Hoàng,Minh Nguyệt,HoangMinhNguyet110122277,,,,Please include an '@' in the email address. 'HoangMinhNguyet110122277' is missing an '@'.
HoangMinhNguyet110122277@gmail.com,1424Nguyet*,Nguyệt,Hoàng,Minh Nguyệt,HoangMinhNguyet110122277@@gmail.com,,,,A part following '@' should not contain the symbol '@'.
HoangMinhNguyet110122277@gmail.com,1424Nguyet*,Nguyệt,Hoàng,Minh Nguyệt,HoangMinhNguyet110122277gmail.com,,,,Please include an '@' in the email address. 'HoangMinhNguyet110122277gmail.com' is missing an '@'.
HoangMinhNguyet110122277@gmail.com,1424Nguyet*,Nguyệt,Hoàng,Minh Nguyệt,@gmai.comm,,,,Please enter a part followed by '@'. '@gmai.comm' is incomplete.
HoangMinhNguyet110122277@gmail.com,1424Nguyet*,Nguyệt,Hoàng,Minh Nguyệt,HoangMinhNguyet110122277@gmail,,,,Vui lòng cung cấp địa chỉ email hợp lệ.
HoangMinhNguyet110122277@gmail.com,1424Nguyet*,Nguyệt,Hoàng,Minh Nguyệt,HoangMinhNguyet110122277@gmail.com,1424Nguyet*,1424Nguyet*,1424Nguyet*,Thông tin tài khoản đã được cập nhật.
HoangMinhNguyet110122277@gmail.com,1424Nguyet*,,,Hoàng,Minh Nguyệt,HoangMinhNguyet110122277@gmail.com,1424Nguyet*,1424Nguyet*,1424Nguyet*,Tên là mục bắt buộc.
HoangMinhNguyet110122277@gmail.com,1424Nguyet*,Nguyệt,,Minh Nguyệt,HoangMinhNguyet110122277@gmail.com,1424Nguyet*,1424Nguyet*,1424Nguyet*,Họ là mục bắt buộc.
HoangMinhNguyet110122277@gmail.com,1424Nguyet*,Nguyệt,Hoàng,,HoangMinhNguyet110122277@gmail.com,1424Nguyet*,1424Nguyet*,1424Nguyet*,Tên hiển thị là mục bắt buộc.
HoangMinhNguyet110122277@gmail.com,1424Nguyet*,Nguyệt,Hoàng,Minh Nguyệt,,1424Nguyet*,1424Nguyet*,1424Nguyet*,Địa chỉ email là mục bắt buộc.
HoangMinhNguyet110122277@gmail.com,1424Nguyet*,Nguyệt,Hoàng,Minh Nguyệt,HoangMinhNguyet110122277@gmail.com,,1424Nguyet*,1424Nguyet*,Vui lòng nhập mật khẩu hiện tại của bạn.
HoangMinhNguyet110122277@gmail.com,1424Nguyet*,Nguyệt,Hoàng,Minh Nguyệt,HoangMinhNguyet110122277@gmail.com,1424Nguyet*,,1424Nguyet*,Mật khẩu mới không chính xác.
HoangMinhNguyet110122277@gmail.com,1424Nguyet*,Nguyệt,Hoàng,Minh Nguyệt,HoangMinhNguyet110122277@gmail.com,1424Nguyet*,1424Nguyet*,,Vui lòng nhập lại mật khẩu của bạn.
HoangMinhNguyet110122277@gmail.com,1424Nguyet*,,,,,Tên là mục bắt buộc. Họ là mục bắt buộc. Tên hiển thị là mục bắt buộc. Địa chỉ email là mục bắt buộc.
HoangMinhNguyet110122277@gmail.com,1424Nguyet*,_@@@@_,Hoàng,Minh Nguyệt,HoangMinhNguyet110122277@gmail.com,1424Nguyet*,1424Nguyet*,1424Nguyet*,Thông tin tài khoản đã được cập nhật.
HoangMinhNguyet110122277@gmail.com,1424Nguyet*,Nguyệt,Hoàng,Minh Nguyệt,HoangMinhNguyet110122277@gmail.com,1424Nguyet**,1424Nguyet*,1424Nguyet*,Mật khẩu của bạn không chính xác.
HoangMinhNguyet110122277@gmail.com,1424Nguyet*,Nguyệt,Hoàng,Minh Nguyệt,HoangMinhNguyet110122277@gmail.com,1424Nguyet*,1424Nguyet*1,1424Nguyet*2,Mật khâu mới không chính xác.
HoangMinhNguyet110122277@gmail.com,1424Nguyet*,Nguyệt,Hoàng,Minh Nguyệt,HoangMinhNguyet110122277@gmail.com,1424Nguyet*,1424Nguyet,1424Nguyet,Yếu - Vui lòng nhập mật khẩu mạnh hơn.
ThuyLan101222777@gmai.com,1424Nguyet*,Nguyệt,Hoàng,Minh Nguyệt,ThuyLan101222%777@gmai.comm,1424Nguyet*,1424Nguyet*,1424Nguyet*,Thông tin tài khoản đã được cập nhật.
HoangMinhNguyet110122277@gmail.com,1424Nguyet*,Minh Nguyệt,Hoàng,Minh Nguyệt,HoangMinhNguyet110122277@gmail.com,,,,Thông tin tài khoản đã được cập nhật.
